<?xml version="1.0" encoding="UTF-8"?>
<OpenSearchDescription xmlns="http://a9.com/-/spec/opensearch/1.1/">
  <ShortName>NetworkX</ShortName>
  <Description>Search NetworkX 2.0.dev20150407000012 documentation</Description>
  <InputEncoding>utf-8</InputEncoding>
  <Url type="text/html" method="get"
       template="http://networkx.github.io/search.html?q={searchTerms}&amp;check_keywords=yes&amp;area=default"/>
  <LongName>NetworkX 2.0.dev20150407000012 documentation</LongName>
  
</OpenSearchDescription>